fileName,ID1,ID2
CityCouncil-FireDivision.geojson,1,1
CityCouncil-FireDivision.geojson,1,11
CityCouncil-FireDivision.geojson,2,1
CityCouncil-FireDivision.geojson,2,11
CityCouncil-FireDivision.geojson,2,3
CityCouncil-FireDivision.geojson,3,1
CityCouncil-FireDivision.geojson,3,3
CityCouncil-FireDivision.geojson,4,1
CityCouncil-FireDivision.geojson,4,11
CityCouncil-FireDivision.geojson,4,3
CityCouncil-FireDivision.geojson,5,14
CityCouncil-FireDivision.geojson,5,3
CityCouncil-FireDivision.geojson,6,3
CityCouncil-FireDivision.geojson,7,3
CityCouncil-FireDivision.geojson,7,6
CityCouncil-FireDivision.geojson,7,7
CityCouncil-FireDivision.geojson,8,3
CityCouncil-FireDivision.geojson,8,6
CityCouncil-FireDivision.geojson,9,3
CityCouncil-FireDivision.geojson,9,6
CityCouncil-FireDivision.geojson,9,7
CityCouncil-FireDivision.geojson,10,6
CityCouncil-FireDivision.geojson,10,7
CityCouncil-FireDivision.geojson,11,7
CityCouncil-FireDivision.geojson,12,7
CityCouncil-FireDivision.geojson,13,6
CityCouncil-FireDivision.geojson,13,7
CityCouncil-FireDivision.geojson,14,6
CityCouncil-FireDivision.geojson,14,7
CityCouncil-FireDivision.geojson,15,6
CityCouncil-FireDivision.geojson,15,7
CityCouncil-FireDivision.geojson,16,6
CityCouncil-FireDivision.geojson,16,7
CityCouncil-FireDivision.geojson,17,6
CityCouncil-FireDivision.geojson,17,7
CityCouncil-FireDivision.geojson,18,6
CityCouncil-FireDivision.geojson,18,7
CityCouncil-FireDivision.geojson,19,14
CityCouncil-FireDivision.geojson,20,14
CityCouncil-FireDivision.geojson,21,14
CityCouncil-FireDivision.geojson,22,14
CityCouncil-FireDivision.geojson,23,13
CityCouncil-FireDivision.geojson,23,14
CityCouncil-FireDivision.geojson,24,13
CityCouncil-FireDivision.geojson,24,14
CityCouncil-FireDivision.geojson,25,14
CityCouncil-FireDivision.geojson,26,14
CityCouncil-FireDivision.geojson,27,13
CityCouncil-FireDivision.geojson,27,14
CityCouncil-FireDivision.geojson,28,13
CityCouncil-FireDivision.geojson,29,13
CityCouncil-FireDivision.geojson,29,14
CityCouncil-FireDivision.geojson,30,13
CityCouncil-FireDivision.geojson,30,14
CityCouncil-FireDivision.geojson,30,15
CityCouncil-FireDivision.geojson,31,13
CityCouncil-FireDivision.geojson,32,13
CityCouncil-FireDivision.geojson,32,14
CityCouncil-FireDivision.geojson,32,15
CityCouncil-FireDivision.geojson,33,11
CityCouncil-FireDivision.geojson,34,11
CityCouncil-FireDivision.geojson,34,13
CityCouncil-FireDivision.geojson,34,14
CityCouncil-FireDivision.geojson,34,15
CityCouncil-FireDivision.geojson,35,11
CityCouncil-FireDivision.geojson,35,15
CityCouncil-FireDivision.geojson,36,11
CityCouncil-FireDivision.geojson,36,15
CityCouncil-FireDivision.geojson,37,11
CityCouncil-FireDivision.geojson,37,13
CityCouncil-FireDivision.geojson,37,14
CityCouncil-FireDivision.geojson,37,15
CityCouncil-FireDivision.geojson,38,11
CityCouncil-FireDivision.geojson,38,8
CityCouncil-FireDivision.geojson,39,11
CityCouncil-FireDivision.geojson,39,15
CityCouncil-FireDivision.geojson,39,8
CityCouncil-FireDivision.geojson,40,11
CityCouncil-FireDivision.geojson,40,15
CityCouncil-FireDivision.geojson,41,15
CityCouncil-FireDivision.geojson,42,13
CityCouncil-FireDivision.geojson,42,15
CityCouncil-FireDivision.geojson,43,8
CityCouncil-FireDivision.geojson,44,11
CityCouncil-FireDivision.geojson,44,15
CityCouncil-FireDivision.geojson,44,8
CityCouncil-FireDivision.geojson,45,15
CityCouncil-FireDivision.geojson,46,15
CityCouncil-FireDivision.geojson,46,8
CityCouncil-FireDivision.geojson,47,15
CityCouncil-FireDivision.geojson,47,8
CityCouncil-FireDivision.geojson,48,15
CityCouncil-FireDivision.geojson,48,8
CityCouncil-FireDivision.geojson,49,8
CityCouncil-FireDivision.geojson,50,8
CityCouncil-FireDivision.geojson,51,8
